geneName,Panel,Group
ABAT,PanelApp_Baylor_Invitae_Intersection_Risk,Control
ABCD1,PanelApp_Baylor_Invitae_Intersection_Risk,Control
ACADM,PanelApp_Baylor_Invitae_Intersection_Risk,Control
ACADVL,PanelApp_Baylor_Invitae_Intersection_Risk,Control
ACAT1,PanelApp_Baylor_Invitae_Intersection_Risk,Control
ACBD5,PanelApp_Baylor_Invitae_Intersection_Risk,Control
ACOX1,PanelApp_Baylor_Invitae_Intersection_Risk,Control
ACTB,PanelApp_Baylor_Invitae_Intersection_Risk,Control
ADAR,PanelApp_Baylor_Invitae_Intersection_Risk,Control
ADAT3,PanelApp_Baylor_Invitae_Intersection_Risk,Control
ADCY5,PanelApp_Baylor_Invitae_Intersection_Risk,Control
ADD3,PanelApp_Baylor_Invitae_Intersection_Risk,Control
ADNP,PanelApp_Baylor_Invitae_Intersection_Risk,Control
ADSL,PanelApp_Baylor_Invitae_Intersection_Risk,Control
AFG3L2,PanelApp_Baylor_Invitae_Intersection_Risk,Control
AGAP1,PanelApp_Baylor_Invitae_Intersection_Risk,Control
AHDC1,PanelApp_Baylor_Invitae_Intersection_Risk,Control
AHI1,PanelApp_Baylor_Invitae_Intersection_Risk,Control
AKT3,PanelApp_Baylor_Invitae_Intersection_Risk,Control
ALDH18A1,PanelApp_Baylor_Invitae_Intersection_Risk,Control
ALDH3A2,PanelApp_Baylor_Invitae_Intersection_Risk,Control
ALDH5A1,PanelApp_Baylor_Invitae_Intersection_Risk,Control
ALDH7A1,PanelApp_Baylor_Invitae_Intersection_Risk,Control
ALG13,PanelApp_Baylor_Invitae_Intersection_Risk,Control
ALG3,PanelApp_Baylor_Invitae_Intersection_Risk,Control
ALS2,PanelApp_Baylor_Invitae_Intersection_Risk,Control
AMACR,PanelApp_Baylor_Invitae_Intersection_Risk,Control
AMPD2,PanelApp_Baylor_Invitae_Intersection_Risk,Control
AMT,PanelApp_Baylor_Invitae_Intersection_Risk,Control
ANO3,PanelApp_Baylor_Invitae_Intersection_Risk,Control
AP4B1,PanelApp_Baylor_Invitae_Intersection_Risk,Control
AP4E1,PanelApp_Baylor_Invitae_Intersection_Risk,Control
AP4M1,PanelApp_Baylor_Invitae_Intersection_Risk,Control
AP4S1,PanelApp_Baylor_Invitae_Intersection_Risk,Control
AP5Z1,PanelApp_Baylor_Invitae_Intersection_Risk,Control
APTX,PanelApp_Baylor_Invitae_Intersection_Risk,Control
ARG1,PanelApp_Baylor_Invitae_Intersection_Risk,Control
ARHGEF9,PanelApp_Baylor_Invitae_Intersection_Risk,Control
ARID2,PanelApp_Baylor_Invitae_Intersection_Risk,Control
ARL6IP1,PanelApp_Baylor_Invitae_Intersection_Risk,Control
ARSA,PanelApp_Baylor_Invitae_Intersection_Risk,Control
ARX,PanelApp_Baylor_Invitae_Intersection_Risk,Control
ASL,PanelApp_Baylor_Invitae_Intersection_Risk,Control
ASNS,PanelApp_Baylor_Invitae_Intersection_Risk,Control
ASPA,PanelApp_Baylor_Invitae_Intersection_Risk,Control
ASS1,PanelApp_Baylor_Invitae_Intersection_Risk,Control
ASXL1,PanelApp_Baylor_Invitae_Intersection_Risk,Control
ASXL3,PanelApp_Baylor_Invitae_Intersection_Risk,Control
ATAD1,PanelApp_Baylor_Invitae_Intersection_Risk,Control
ATL1,PanelApp_Baylor_Invitae_Intersection_Risk,Control
ATM,PanelApp_Baylor_Invitae_Intersection_Risk,Control
ATP13A2,PanelApp_Baylor_Invitae_Intersection_Risk,Control
ATP1A3,PanelApp_Baylor_Invitae_Intersection_Risk,Control
ATP7A,PanelApp_Baylor_Invitae_Intersection_Risk,Control
ATP7B,PanelApp_Baylor_Invitae_Intersection_Risk,Control
ATP8A2,PanelApp_Baylor_Invitae_Intersection_Risk,Control
ATRX,PanelApp_Baylor_Invitae_Intersection_Risk,Control
AUH,PanelApp_Baylor_Invitae_Intersection_Risk,Control
AUTS2,PanelApp_Baylor_Invitae_Intersection_Risk,Control
B4GALNT1,PanelApp_Baylor_Invitae_Intersection_Risk,Control
BCAP31,PanelApp_Baylor_Invitae_Intersection_Risk,Control
BCKDHA,PanelApp_Baylor_Invitae_Intersection_Risk,Control
BCKDHB,PanelApp_Baylor_Invitae_Intersection_Risk,Control
BCL11A,PanelApp_Baylor_Invitae_Intersection_Risk,Control
BICD2,PanelApp_Baylor_Invitae_Intersection_Risk,Control
BSCL2,PanelApp_Baylor_Invitae_Intersection_Risk,Control
BTD,PanelApp_Baylor_Invitae_Intersection_Risk,Control
C12orf65,PanelApp_Baylor_Invitae_Intersection_Risk,Control
C19orf12,PanelApp_Baylor_Invitae_Intersection_Risk,Control
CACNA1A,PanelApp_Baylor_Invitae_Intersection_Risk,Control
CACNA1G,PanelApp_Baylor_Invitae_Intersection_Risk,Control
CAMTA1,PanelApp_Baylor_Invitae_Intersection_Risk,Control
CAPN1,PanelApp_Baylor_Invitae_Intersection_Risk,Control
CASK,PanelApp_Baylor_Invitae_Intersection_Risk,Control
CBS,PanelApp_Baylor_Invitae_Intersection_Risk,Control
CCDC88C,PanelApp_Baylor_Invitae_Intersection_Risk,Control
CCT5,PanelApp_Baylor_Invitae_Intersection_Risk,Control
CDKL5,PanelApp_Baylor_Invitae_Intersection_Risk,Control
CEP290,PanelApp_Baylor_Invitae_Intersection_Risk,Control
CHD8,PanelApp_Baylor_Invitae_Intersection_Risk,Control
CHRNA1,PanelApp_Baylor_Invitae_Intersection_Risk,Control
CIZ1,PanelApp_Baylor_Invitae_Intersection_Risk,Control
CLN2 (TPP1),PanelApp_Baylor_Invitae_Intersection_Risk,Control
CLN3,PanelApp_Baylor_Invitae_Intersection_Risk,Control
CLN5,PanelApp_Baylor_Invitae_Intersection_Risk,Control
CLN6,PanelApp_Baylor_Invitae_Intersection_Risk,Control
CLN8,PanelApp_Baylor_Invitae_Intersection_Risk,Control
CLTC,PanelApp_Baylor_Invitae_Intersection_Risk,Control
COASY,PanelApp_Baylor_Invitae_Intersection_Risk,Control
COL4A1,PanelApp_Baylor_Invitae_Intersection_Risk,Control
COL4A2,PanelApp_Baylor_Invitae_Intersection_Risk,Control
COL6A3,PanelApp_Baylor_Invitae_Intersection_Risk,Control
COQ2,PanelApp_Baylor_Invitae_Intersection_Risk,Control
COQ4,PanelApp_Baylor_Invitae_Intersection_Risk,Control
COQ6,PanelApp_Baylor_Invitae_Intersection_Risk,Control
COQ7,PanelApp_Baylor_Invitae_Intersection_Risk,Control
COQ8A,PanelApp_Baylor_Invitae_Intersection_Risk,Control
COQ9,PanelApp_Baylor_Invitae_Intersection_Risk,Control
CPS1,PanelApp_Baylor_Invitae_Intersection_Risk,Control
CPT1C,PanelApp_Baylor_Invitae_Intersection_Risk,Control
CREBBP,PanelApp_Baylor_Invitae_Intersection_Risk,Control
CSMD1,PanelApp_Baylor_Invitae_Intersection_Risk,Control
CTBP1,PanelApp_Baylor_Invitae_Intersection_Risk,Control
CTNNA2,PanelApp_Baylor_Invitae_Intersection_Risk,Control
CTNNB1,PanelApp_Baylor_Invitae_Intersection_Risk,Control
CTSD,PanelApp_Baylor_Invitae_Intersection_Risk,Control
CYP27A1,PanelApp_Baylor_Invitae_Intersection_Risk,Control
CYP2U1,PanelApp_Baylor_Invitae_Intersection_Risk,Control
CYP7B1,PanelApp_Baylor_Invitae_Intersection_Risk,Control
DARS,PanelApp_Baylor_Invitae_Intersection_Risk,Control
DARS2,PanelApp_Baylor_Invitae_Intersection_Risk,Control
DBH,PanelApp_Baylor_Invitae_Intersection_Risk,Control
DBT,PanelApp_Baylor_Invitae_Intersection_Risk,Control
DCAF17,PanelApp_Baylor_Invitae_Intersection_Risk,Control
DDC,PanelApp_Baylor_Invitae_Intersection_Risk,Control
DDHD1,PanelApp_Baylor_Invitae_Intersection_Risk,Control
DDHD2,PanelApp_Baylor_Invitae_Intersection_Risk,Control
DDX3X,PanelApp_Baylor_Invitae_Intersection_Risk,Control
DGKZ,PanelApp_Baylor_Invitae_Intersection_Risk,Control
DHDDS,PanelApp_Baylor_Invitae_Intersection_Risk,Control
DHFR,PanelApp_Baylor_Invitae_Intersection_Risk,Control
DLAT,PanelApp_Baylor_Invitae_Intersection_Risk,Control
DLD,PanelApp_Baylor_Invitae_Intersection_Risk,Control
DMD,PanelApp_Baylor_Invitae_Intersection_Risk,Control
DNAJC12,PanelApp_Baylor_Invitae_Intersection_Risk,Control
DNM2,PanelApp_Baylor_Invitae_Intersection_Risk,Control
DOCK6,PanelApp_Baylor_Invitae_Intersection_Risk,Control
DPAGT1,PanelApp_Baylor_Invitae_Intersection_Risk,Control
DYNC1H1,PanelApp_Baylor_Invitae_Intersection_Risk,Control
DYRK1A,PanelApp_Baylor_Invitae_Intersection_Risk,Control
EARS2,PanelApp_Baylor_Invitae_Intersection_Risk,Control
ECHS1,PanelApp_Baylor_Invitae_Intersection_Risk,Control
EEF2,PanelApp_Baylor_Invitae_Intersection_Risk,Control
EHMT1,PanelApp_Baylor_Invitae_Intersection_Risk,Control
EIF2B1,PanelApp_Baylor_Invitae_Intersection_Risk,Control
EIF2B2,PanelApp_Baylor_Invitae_Intersection_Risk,Control
EIF2B3,PanelApp_Baylor_Invitae_Intersection_Risk,Control
EIF2B4,PanelApp_Baylor_Invitae_Intersection_Risk,Control
EIF2B5,PanelApp_Baylor_Invitae_Intersection_Risk,Control
ELOVL1,PanelApp_Baylor_Invitae_Intersection_Risk,Control
ELOVL4,PanelApp_Baylor_Invitae_Intersection_Risk,Control
ELOVL5,PanelApp_Baylor_Invitae_Intersection_Risk,Control
ELP2,PanelApp_Baylor_Invitae_Intersection_Risk,Control
ENTPD1,PanelApp_Baylor_Invitae_Intersection_Risk,Control
EPHA4,PanelApp_Baylor_Invitae_Intersection_Risk,Control
ERCC6,PanelApp_Baylor_Invitae_Intersection_Risk,Control
ERCC8,PanelApp_Baylor_Invitae_Intersection_Risk,Control
ERLIN1,PanelApp_Baylor_Invitae_Intersection_Risk,Control
ERLIN2,PanelApp_Baylor_Invitae_Intersection_Risk,Control
ESAM,PanelApp_Baylor_Invitae_Intersection_Risk,Control
ETFA,PanelApp_Baylor_Invitae_Intersection_Risk,Control
ETFB,PanelApp_Baylor_Invitae_Intersection_Risk,Control
ETFDH,PanelApp_Baylor_Invitae_Intersection_Risk,Control
ETHE1,PanelApp_Baylor_Invitae_Intersection_Risk,Control
EXOSC3,PanelApp_Baylor_Invitae_Intersection_Risk,Control
FA2H,PanelApp_Baylor_Invitae_Intersection_Risk,Control
FAM126A,PanelApp_Baylor_Invitae_Intersection_Risk,Control
FAR1,PanelApp_Baylor_Invitae_Intersection_Risk,Control
FARS2,PanelApp_Baylor_Invitae_Intersection_Risk,Control
FAT2,PanelApp_Baylor_Invitae_Intersection_Risk,Control
FBXO31,PanelApp_Baylor_Invitae_Intersection_Risk,Control
FGF12,PanelApp_Baylor_Invitae_Intersection_Risk,Control
FGF14,PanelApp_Baylor_Invitae_Intersection_Risk,Control
FH,PanelApp_Baylor_Invitae_Intersection_Risk,Control
FOLR1,PanelApp_Baylor_Invitae_Intersection_Risk,Control
FOXG1,PanelApp_Baylor_Invitae_Intersection_Risk,Control
FRRS1L,PanelApp_Baylor_Invitae_Intersection_Risk,Control
FTL,PanelApp_Baylor_Invitae_Intersection_Risk,Control
FUCA1,PanelApp_Baylor_Invitae_Intersection_Risk,Control
GABRA2,PanelApp_Baylor_Invitae_Intersection_Risk,Control
GAD1,PanelApp_Baylor_Invitae_Intersection_Risk,Control
GALC,PanelApp_Baylor_Invitae_Intersection_Risk,Control
GAMT,PanelApp_Baylor_Invitae_Intersection_Risk,Control
GATM,PanelApp_Baylor_Invitae_Intersection_Risk,Control
GBA,PanelApp_Baylor_Invitae_Intersection_Risk,Control
GBA2,PanelApp_Baylor_Invitae_Intersection_Risk,Control
GCDH,PanelApp_Baylor_Invitae_Intersection_Risk,Control
GCH1,PanelApp_Baylor_Invitae_Intersection_Risk,Control
GFAP,PanelApp_Baylor_Invitae_Intersection_Risk,Control
GJC2,PanelApp_Baylor_Invitae_Intersection_Risk,Control
GLB1,PanelApp_Baylor_Invitae_Intersection_Risk,Control
GLDC,PanelApp_Baylor_Invitae_Intersection_Risk,Control
GLRA1,PanelApp_Baylor_Invitae_Intersection_Risk,Control
GLRB,PanelApp_Baylor_Invitae_Intersection_Risk,Control
GM2A,PanelApp_Baylor_Invitae_Intersection_Risk,Control
GNAL,PanelApp_Baylor_Invitae_Intersection_Risk,Control
GNAO1,PanelApp_Baylor_Invitae_Intersection_Risk,Control
GNB1,PanelApp_Baylor_Invitae_Intersection_Risk,Control
GNS,PanelApp_Baylor_Invitae_Intersection_Risk,Control
GPHN,PanelApp_Baylor_Invitae_Intersection_Risk,Control
GPR88,PanelApp_Baylor_Invitae_Intersection_Risk,Control
GRID2,PanelApp_Baylor_Invitae_Intersection_Risk,Control
GRIN1,PanelApp_Baylor_Invitae_Intersection_Risk,Control
GRIN2B,PanelApp_Baylor_Invitae_Intersection_Risk,Control
GRM1,PanelApp_Baylor_Invitae_Intersection_Risk,Control
HACE1,PanelApp_Baylor_Invitae_Intersection_Risk,Control
HECW2,PanelApp_Baylor_Invitae_Intersection_Risk,Control
HESX1,PanelApp_Baylor_Invitae_Intersection_Risk,Control
HEXA,PanelApp_Baylor_Invitae_Intersection_Risk,Control
HEXB,PanelApp_Baylor_Invitae_Intersection_Risk,Control
HGSNAT,PanelApp_Baylor_Invitae_Intersection_Risk,Control
HLCS,PanelApp_Baylor_Invitae_Intersection_Risk,Control
HMGCL,PanelApp_Baylor_Invitae_Intersection_Risk,Control
HPCA,PanelApp_Baylor_Invitae_Intersection_Risk,Control
HPDL,PanelApp_Baylor_Invitae_Intersection_Risk,Control
HPRT1,PanelApp_Baylor_Invitae_Intersection_Risk,Control
HSD17B10,PanelApp_Baylor_Invitae_Intersection_Risk,Control
HSD17B4,PanelApp_Baylor_Invitae_Intersection_Risk,Control
HSPD1,PanelApp_Baylor_Invitae_Intersection_Risk,Control
IBA57,PanelApp_Baylor_Invitae_Intersection_Risk,Control
IFIH1,PanelApp_Baylor_Invitae_Intersection_Risk,Control
IQSEC2,PanelApp_Baylor_Invitae_Intersection_Risk,Control
IREB2,PanelApp_Baylor_Invitae_Intersection_Risk,Control
IRF2BPL,PanelApp_Baylor_Invitae_Intersection_Risk,Control
ITPA,PanelApp_Baylor_Invitae_Intersection_Risk,Control
ITPR1,PanelApp_Baylor_Invitae_Intersection_Risk,Control
KANK1,PanelApp_Baylor_Invitae_Intersection_Risk,Control
KAT6A,PanelApp_Baylor_Invitae_Intersection_Risk,Control
KCNA2,PanelApp_Baylor_Invitae_Intersection_Risk,Control
KCNB1,PanelApp_Baylor_Invitae_Intersection_Risk,Control
KCNC3,PanelApp_Baylor_Invitae_Intersection_Risk,Control
KCNJ6,PanelApp_Baylor_Invitae_Intersection_Risk,Control
KCNMA1,PanelApp_Baylor_Invitae_Intersection_Risk,Control
KCNQ2,PanelApp_Baylor_Invitae_Intersection_Risk,Control
KCNT1,PanelApp_Baylor_Invitae_Intersection_Risk,Control
KCTD17,PanelApp_Baylor_Invitae_Intersection_Risk,Control
KCTD7,PanelApp_Baylor_Invitae_Intersection_Risk,Control
KDM5C,PanelApp_Baylor_Invitae_Intersection_Risk,Control
KIDINS220,PanelApp_Baylor_Invitae_Intersection_Risk,Control
KIF1A,PanelApp_Baylor_Invitae_Intersection_Risk,Control
KIF1C,PanelApp_Baylor_Invitae_Intersection_Risk,Control
KIF5A,PanelApp_Baylor_Invitae_Intersection_Risk,Control
KMT2A,PanelApp_Baylor_Invitae_Intersection_Risk,Control
KMT2B,PanelApp_Baylor_Invitae_Intersection_Risk,Control
KMT2C,PanelApp_Baylor_Invitae_Intersection_Risk,Control
L1CAM,PanelApp_Baylor_Invitae_Intersection_Risk,Control
L2HGDH,PanelApp_Baylor_Invitae_Intersection_Risk,Control
LAMA2,PanelApp_Baylor_Invitae_Intersection_Risk,Control
LIAS,PanelApp_Baylor_Invitae_Intersection_Risk,Control
LMBRD1,PanelApp_Baylor_Invitae_Intersection_Risk,Control
MAG,PanelApp_Baylor_Invitae_Intersection_Risk,Control
MAOA,PanelApp_Baylor_Invitae_Intersection_Risk,Control
MAP2K1,PanelApp_Baylor_Invitae_Intersection_Risk,Control
MARS2,PanelApp_Baylor_Invitae_Intersection_Risk,Control
MAST1,PanelApp_Baylor_Invitae_Intersection_Risk,Control
MCCC1,PanelApp_Baylor_Invitae_Intersection_Risk,Control
MCCC2,PanelApp_Baylor_Invitae_Intersection_Risk,Control
MCEE,PanelApp_Baylor_Invitae_Intersection_Risk,Control
MCOLN1,PanelApp_Baylor_Invitae_Intersection_Risk,Control
MECP2,PanelApp_Baylor_Invitae_Intersection_Risk,Control
MECR,PanelApp_Baylor_Invitae_Intersection_Risk,Control
MEF2C,PanelApp_Baylor_Invitae_Intersection_Risk,Control
MFSD8,PanelApp_Baylor_Invitae_Intersection_Risk,Control
MICU1,PanelApp_Baylor_Invitae_Intersection_Risk,Control
MINPP1,PanelApp_Baylor_Invitae_Intersection_Risk,Control
MLYCD,PanelApp_Baylor_Invitae_Intersection_Risk,Control
MMAA,PanelApp_Baylor_Invitae_Intersection_Risk,Control
MMAB,PanelApp_Baylor_Invitae_Intersection_Risk,Control
MMACHC,PanelApp_Baylor_Invitae_Intersection_Risk,Control
MMADHC,PanelApp_Baylor_Invitae_Intersection_Risk,Control
MMUT,PanelApp_Baylor_Invitae_Intersection_Risk,Control
MOCS1,PanelApp_Baylor_Invitae_Intersection_Risk,Control
MOCS2,PanelApp_Baylor_Invitae_Intersection_Risk,Control
MOCS3,PanelApp_Baylor_Invitae_Intersection_Risk,Control
MPC1,PanelApp_Baylor_Invitae_Intersection_Risk,Control
MSL3,PanelApp_Baylor_Invitae_Intersection_Risk,Control
MT-TL1,PanelApp_Baylor_Invitae_Intersection_Risk,Control
MTHFR,PanelApp_Baylor_Invitae_Intersection_Risk,Control
MTOR,PanelApp_Baylor_Invitae_Intersection_Risk,Control
MTPAP,PanelApp_Baylor_Invitae_Intersection_Risk,Control
MTR,PanelApp_Baylor_Invitae_Intersection_Risk,Control
MTRR,PanelApp_Baylor_Invitae_Intersection_Risk,Control
MTTP,PanelApp_Baylor_Invitae_Intersection_Risk,Control
MUT,PanelApp_Baylor_Invitae_Intersection_Risk,Control
NAA10,PanelApp_Baylor_Invitae_Intersection_Risk,Control
NAA35,PanelApp_Baylor_Invitae_Intersection_Risk,Control
NAGLU,PanelApp_Baylor_Invitae_Intersection_Risk,Control
NAGS,PanelApp_Baylor_Invitae_Intersection_Risk,Control
NBAS,PanelApp_Baylor_Invitae_Intersection_Risk,Control
NDUFAF2,PanelApp_Baylor_Invitae_Intersection_Risk,Control
NGLY1,PanelApp_Baylor_Invitae_Intersection_Risk,Control
NIPA1,PanelApp_Baylor_Invitae_Intersection_Risk,Control
NKX2-1,PanelApp_Baylor_Invitae_Intersection_Risk,Control
NPC1,PanelApp_Baylor_Invitae_Intersection_Risk,Control
NPC2,PanelApp_Baylor_Invitae_Intersection_Risk,Control
NPHP1,PanelApp_Baylor_Invitae_Intersection_Risk,Control
NSRP1,PanelApp_Baylor_Invitae_Intersection_Risk,Control
NT5C2,PanelApp_Baylor_Invitae_Intersection_Risk,Control
NUS1,PanelApp_Baylor_Invitae_Intersection_Risk,Control
OTC,PanelApp_Baylor_Invitae_Intersection_Risk,Control
PAFAH1B1,PanelApp_Baylor_Invitae_Intersection_Risk,Control
PAH,PanelApp_Baylor_Invitae_Intersection_Risk,Control
PAK3,PanelApp_Baylor_Invitae_Intersection_Risk,Control
PALM,PanelApp_Baylor_Invitae_Intersection_Risk,Control
PANK2,PanelApp_Baylor_Invitae_Intersection_Risk,Control
PCBD1,PanelApp_Baylor_Invitae_Intersection_Risk,Control
PCCA,PanelApp_Baylor_Invitae_Intersection_Risk,Control
PCCB,PanelApp_Baylor_Invitae_Intersection_Risk,Control
PCDH12,PanelApp_Baylor_Invitae_Intersection_Risk,Control
PCYT2,PanelApp_Baylor_Invitae_Intersection_Risk,Control
PDE10A,PanelApp_Baylor_Invitae_Intersection_Risk,Control
PDE2A,PanelApp_Baylor_Invitae_Intersection_Risk,Control
PDHA1,PanelApp_Baylor_Invitae_Intersection_Risk,Control
PDHB,PanelApp_Baylor_Invitae_Intersection_Risk,Control
PDHX,PanelApp_Baylor_Invitae_Intersection_Risk,Control
PDP1,PanelApp_Baylor_Invitae_Intersection_Risk,Control
PDSS1,PanelApp_Baylor_Invitae_Intersection_Risk,Control
PDSS2,PanelApp_Baylor_Invitae_Intersection_Risk,Control
PDYN,PanelApp_Baylor_Invitae_Intersection_Risk,Control
PEX1,PanelApp_Baylor_Invitae_Intersection_Risk,Control
PEX10,PanelApp_Baylor_Invitae_Intersection_Risk,Control
PEX11B,PanelApp_Baylor_Invitae_Intersection_Risk,Control
PEX12,PanelApp_Baylor_Invitae_Intersection_Risk,Control
PEX13,PanelApp_Baylor_Invitae_Intersection_Risk,Control
PEX14,PanelApp_Baylor_Invitae_Intersection_Risk,Control
PEX16,PanelApp_Baylor_Invitae_Intersection_Risk,Control
PEX19,PanelApp_Baylor_Invitae_Intersection_Risk,Control
PEX2,PanelApp_Baylor_Invitae_Intersection_Risk,Control
PEX26,PanelApp_Baylor_Invitae_Intersection_Risk,Control
PEX3,PanelApp_Baylor_Invitae_Intersection_Risk,Control
PEX5,PanelApp_Baylor_Invitae_Intersection_Risk,Control
PEX6,PanelApp_Baylor_Invitae_Intersection_Risk,Control
PHGDH,PanelApp_Baylor_Invitae_Intersection_Risk,Control
PHIP,PanelApp_Baylor_Invitae_Intersection_Risk,Control
PIGA,PanelApp_Baylor_Invitae_Intersection_Risk,Control
PIGN,PanelApp_Baylor_Invitae_Intersection_Risk,Control
PIGT,PanelApp_Baylor_Invitae_Intersection_Risk,Control
PLA2G6,PanelApp_Baylor_Invitae_Intersection_Risk,Control
PLD3,PanelApp_Baylor_Invitae_Intersection_Risk,Control
PLP1,PanelApp_Baylor_Invitae_Intersection_Risk,Control
PLXNA2,PanelApp_Baylor_Invitae_Intersection_Risk,Control
PMM2,PanelApp_Baylor_Invitae_Intersection_Risk,Control
PNKD,PanelApp_Baylor_Invitae_Intersection_Risk,Control
PNP,PanelApp_Baylor_Invitae_Intersection_Risk,Control
PNPLA6,PanelApp_Baylor_Invitae_Intersection_Risk,Control
PNPO,PanelApp_Baylor_Invitae_Intersection_Risk,Control
POLG,PanelApp_Baylor_Invitae_Intersection_Risk,Control
POLR3A,PanelApp_Baylor_Invitae_Intersection_Risk,Control
POMGNT1,PanelApp_Baylor_Invitae_Intersection_Risk,Control
PPT1,PanelApp_Baylor_Invitae_Intersection_Risk,Control
PRKRA,PanelApp_Baylor_Invitae_Intersection_Risk,Control
PROC,PanelApp_Baylor_Invitae_Intersection_Risk,Control
PROSC,PanelApp_Baylor_Invitae_Intersection_Risk,Control
PRRT2,PanelApp_Baylor_Invitae_Intersection_Risk,Control
PRUNE1,PanelApp_Baylor_Invitae_Intersection_Risk,Control
PSAT1,PanelApp_Baylor_Invitae_Intersection_Risk,Control
PSPH,PanelApp_Baylor_Invitae_Intersection_Risk,Control
PTPN11,PanelApp_Baylor_Invitae_Intersection_Risk,Control
PTS,PanelApp_Baylor_Invitae_Intersection_Risk,Control
PURA,PanelApp_Baylor_Invitae_Intersection_Risk,Control
QDPR,PanelApp_Baylor_Invitae_Intersection_Risk,Control
RAB3GAP1,PanelApp_Baylor_Invitae_Intersection_Risk,Control
RAB3GAP2,PanelApp_Baylor_Invitae_Intersection_Risk,Control
RANBP2,PanelApp_Baylor_Invitae_Intersection_Risk,Control
RARS2,PanelApp_Baylor_Invitae_Intersection_Risk,Control
REEP1,PanelApp_Baylor_Invitae_Intersection_Risk,Control
REEP2,PanelApp_Baylor_Invitae_Intersection_Risk,Control
RHOBTB2,PanelApp_Baylor_Invitae_Intersection_Risk,Control
RNASEH2A,PanelApp_Baylor_Invitae_Intersection_Risk,Control
RNASEH2B,PanelApp_Baylor_Invitae_Intersection_Risk,Control
RNASEH2C,PanelApp_Baylor_Invitae_Intersection_Risk,Control
RNASET2,PanelApp_Baylor_Invitae_Intersection_Risk,Control
RTN2,PanelApp_Baylor_Invitae_Intersection_Risk,Control
SACS,PanelApp_Baylor_Invitae_Intersection_Risk,Control
SAMHD1,PanelApp_Baylor_Invitae_Intersection_Risk,Control
SATB2,PanelApp_Baylor_Invitae_Intersection_Risk,Control
SCN1A,PanelApp_Baylor_Invitae_Intersection_Risk,Control
SCN2A,PanelApp_Baylor_Invitae_Intersection_Risk,Control
SCN3A,PanelApp_Baylor_Invitae_Intersection_Risk,Control
SCN8A,PanelApp_Baylor_Invitae_Intersection_Risk,Control
SEPSECS,PanelApp_Baylor_Invitae_Intersection_Risk,Control
SETD5,PanelApp_Baylor_Invitae_Intersection_Risk,Control
SGCE,PanelApp_Baylor_Invitae_Intersection_Risk,Control
SGSH,PanelApp_Baylor_Invitae_Intersection_Risk,Control
SHH,PanelApp_Baylor_Invitae_Intersection_Risk,Control
SIL1,PanelApp_Baylor_Invitae_Intersection_Risk,Control
SIX3,PanelApp_Baylor_Invitae_Intersection_Risk,Control
SLC16A2,PanelApp_Baylor_Invitae_Intersection_Risk,Control
SLC17A5,PanelApp_Baylor_Invitae_Intersection_Risk,Control
SLC18A2,PanelApp_Baylor_Invitae_Intersection_Risk,Control
SLC19A3,PanelApp_Baylor_Invitae_Intersection_Risk,Control
SLC1A4,PanelApp_Baylor_Invitae_Intersection_Risk,Control
SLC25A15,PanelApp_Baylor_Invitae_Intersection_Risk,Control
SLC25A22,PanelApp_Baylor_Invitae_Intersection_Risk,Control
SLC2A1,PanelApp_Baylor_Invitae_Intersection_Risk,Control
SLC30A10,PanelApp_Baylor_Invitae_Intersection_Risk,Control
SLC33A1,PanelApp_Baylor_Invitae_Intersection_Risk,Control
SLC39A14,PanelApp_Baylor_Invitae_Intersection_Risk,Control
SLC5A6,PanelApp_Baylor_Invitae_Intersection_Risk,Control
SLC6A19,PanelApp_Baylor_Invitae_Intersection_Risk,Control
SLC6A3,PanelApp_Baylor_Invitae_Intersection_Risk,Control
SLC6A5,PanelApp_Baylor_Invitae_Intersection_Risk,Control
SLC6A8,PanelApp_Baylor_Invitae_Intersection_Risk,Control
SLITRK2,PanelApp_Baylor_Invitae_Intersection_Risk,Control
SON,PanelApp_Baylor_Invitae_Intersection_Risk,Control
SPART,PanelApp_Baylor_Invitae_Intersection_Risk,Control
SPAST,PanelApp_Baylor_Invitae_Intersection_Risk,Control
SPATA5,PanelApp_Baylor_Invitae_Intersection_Risk,Control
SPATA5L1,PanelApp_Baylor_Invitae_Intersection_Risk,Control
SPG11,PanelApp_Baylor_Invitae_Intersection_Risk,Control
SPG21,PanelApp_Baylor_Invitae_Intersection_Risk,Control
SPG7,PanelApp_Baylor_Invitae_Intersection_Risk,Control
SPR,PanelApp_Baylor_Invitae_Intersection_Risk,Control
SPTAN1,PanelApp_Baylor_Invitae_Intersection_Risk,Control
SPTBN2,PanelApp_Baylor_Invitae_Intersection_Risk,Control
SQSTM1,PanelApp_Baylor_Invitae_Intersection_Risk,Control
ST3GAL5,PanelApp_Baylor_Invitae_Intersection_Risk,Control
STAMBP,PanelApp_Baylor_Invitae_Intersection_Risk,Control
STUB1,PanelApp_Baylor_Invitae_Intersection_Risk,Control
STXBP1,PanelApp_Baylor_Invitae_Intersection_Risk,Control
SUCLA2,PanelApp_Baylor_Invitae_Intersection_Risk,Control
SUCLG1,PanelApp_Baylor_Invitae_Intersection_Risk,Control
SUOX,PanelApp_Baylor_Invitae_Intersection_Risk,Control
SURF1,PanelApp_Baylor_Invitae_Intersection_Risk,Control
SYNGAP1,PanelApp_Baylor_Invitae_Intersection_Risk,Control
TAF1,PanelApp_Baylor_Invitae_Intersection_Risk,Control
TANGO2,PanelApp_Baylor_Invitae_Intersection_Risk,Control
TBC1D24,PanelApp_Baylor_Invitae_Intersection_Risk,Control
TBCK,PanelApp_Baylor_Invitae_Intersection_Risk,Control
TBL1XR1,PanelApp_Baylor_Invitae_Intersection_Risk,Control
TCF4,PanelApp_Baylor_Invitae_Intersection_Risk,Control
TECPR2,PanelApp_Baylor_Invitae_Intersection_Risk,Control
TFG,PanelApp_Baylor_Invitae_Intersection_Risk,Control
TGIF1,PanelApp_Baylor_Invitae_Intersection_Risk,Control
TGM6,PanelApp_Baylor_Invitae_Intersection_Risk,Control
TH,PanelApp_Baylor_Invitae_Intersection_Risk,Control
THAP1,PanelApp_Baylor_Invitae_Intersection_Risk,Control
TMEM240,PanelApp_Baylor_Invitae_Intersection_Risk,Control
TMEM67,PanelApp_Baylor_Invitae_Intersection_Risk,Control
TMX2,PanelApp_Baylor_Invitae_Intersection_Risk,Control
TNR,PanelApp_Baylor_Invitae_Intersection_Risk,Control
TOR1A,PanelApp_Baylor_Invitae_Intersection_Risk,Control
TPP1,PanelApp_Baylor_Invitae_Intersection_Risk,Control
TRAPPC9,PanelApp_Baylor_Invitae_Intersection_Risk,Control
TREX1,PanelApp_Baylor_Invitae_Intersection_Risk,Control
TRPC3,PanelApp_Baylor_Invitae_Intersection_Risk,Control
TSEN54,PanelApp_Baylor_Invitae_Intersection_Risk,Control
TTBK2,PanelApp_Baylor_Invitae_Intersection_Risk,Control
TTPA,PanelApp_Baylor_Invitae_Intersection_Risk,Control
TUBA1A,PanelApp_Baylor_Invitae_Intersection_Risk,Control
TUBB2A,PanelApp_Baylor_Invitae_Intersection_Risk,Control
TUBB2B,PanelApp_Baylor_Invitae_Intersection_Risk,Control
TUBB3,PanelApp_Baylor_Invitae_Intersection_Risk,Control
TUBB4A,PanelApp_Baylor_Invitae_Intersection_Risk,Control
UBE3A,PanelApp_Baylor_Invitae_Intersection_Risk,Control
UCHL1,PanelApp_Baylor_Invitae_Intersection_Risk,Control
VAC14,PanelApp_Baylor_Invitae_Intersection_Risk,Control
VAMP1,PanelApp_Baylor_Invitae_Intersection_Risk,Control
VPS13A,PanelApp_Baylor_Invitae_Intersection_Risk,Control
VPS13D,PanelApp_Baylor_Invitae_Intersection_Risk,Control
VPS37A,PanelApp_Baylor_Invitae_Intersection_Risk,Control
WARS2,PanelApp_Baylor_Invitae_Intersection_Risk,Control
WASHC5,PanelApp_Baylor_Invitae_Intersection_Risk,Control
WDR26,PanelApp_Baylor_Invitae_Intersection_Risk,Control
WDR45,PanelApp_Baylor_Invitae_Intersection_Risk,Control
WDR62,PanelApp_Baylor_Invitae_Intersection_Risk,Control
WWOX,PanelApp_Baylor_Invitae_Intersection_Risk,Control
ZBTB18,PanelApp_Baylor_Invitae_Intersection_Risk,Control
ZC4H2,PanelApp_Baylor_Invitae_Intersection_Risk,Control
ZEB2,PanelApp_Baylor_Invitae_Intersection_Risk,Control
ZFR,PanelApp_Baylor_Invitae_Intersection_Risk,Control
ZFYVE26,PanelApp_Baylor_Invitae_Intersection_Risk,Control
ZIC1,PanelApp_Baylor_Invitae_Intersection_Risk,Control
ZIC2,PanelApp_Baylor_Invitae_Intersection_Risk,Control
ZIC4,PanelApp_Baylor_Invitae_Intersection_Risk,Control
ZSWIM6,PanelApp_Baylor_Invitae_Intersection_Risk,Control
ADCY3,PMID32989326_Risk,Control
TUBA1A,PMID32989326_Risk,Control
NAA35,PMID32989326_Risk,Control
SRC,PMID32989326_Risk,Control
ZNF646,PMID32989326_Risk,Control
RFX2,PMID32989326_Risk,Control
BICD2,PMID32989326_Risk,Control
ADAM10,PMID32989326_Risk,Control
CTDSPL,PMID32989326_Risk,Control
AGAP1,PMID32989326_Risk,Control
GTF3C1,PMID32989326_Risk,Control
SIPA1L1,PMID32989326_Risk,Control
UBC,PMID32989326_Risk,Control
LTN1,PMID32989326_Risk,Control
RNF214,PMID32989326_Risk,Control
ELFN2,PMID32989326_Risk,Control
TEP1,PMID32989326_Risk,Control
MAST1,PMID32989326_Risk,Control
ATL1,PMID32989326_Risk,Control
GABRA1,PMID32989326_Risk,Control
RHOB,PMID32989326_Risk,Control
SYNGAP1,PMID32989326_Risk,Control
CTNNB1,PMID32989326_Risk,Control
GNB1,PMID32989326_Risk,Control
FAR1,PMID32989326_Risk,Control
DOCK2,PMID32989326_Risk,Control
KIDINS220,PMID32989326_Risk,Control
KCNT1,PMID32989326_Risk,Control
PTK2B,PMID32989326_Risk,Control
PREX1,PMID32989326_Risk,Control
AUTS2,PMID32989326_Risk,Control
CACNA1E,PMID32989326_Risk,Control
ABCC8,PMID32989326_Risk,Control
KIF1A,PMID32989326_Risk,Control
CNN3,PMID32989326_Risk,Control
MEGF8,PMID32989326_Risk,Control
NCOA6,PMID32989326_Risk,Control
IRF1,PMID32989326_Risk,Control
ADIPOR2,PMID32989326_Risk,Control
TENM2,PMID32989326_Risk,Control
ITGB1,PMID32989326_Risk,Control
TCF4,PMID32989326_Risk,Control
DCLK1,PMID32989326_Risk,Control
ARHGAP32,PMID32989326_Risk,Control
IGF2BP3,PMID32989326_Risk,Control
TLE3,PMID32989326_Risk,Control
HAS3,PMID32989326_Risk,Control
EML5,PMID32989326_Risk,Control
HSPG2,PMID32989326_Risk,Control
COL7A1,PMID32989326_Risk,Control
DNAH5,PMID32989326_Risk,Control
BOC,PMID32989326_Risk,Control
DNAH3,PMID32989326_Risk,Control
DOCK1,PMID32989326_Risk,Control
INTS3,PMID32989326_Risk,Control
DSCAM,PMID32989326_Risk,Control
H3-3A,MAP_CP_Known_or_Novel,Case
MECP2,MAP_CP_Known_or_Novel,Case
STXBP1,MAP_CP_Known_or_Novel,Case
SMARCA4,MAP_CP_Known_or_Novel,Case
SOX11,MAP_CP_Known_or_Novel,Case
FOXG1,MAP_CP_Known_or_Novel,Case
SHANK3,MAP_CP_Known_or_Novel,Case
CHD7,MAP_CP_Known_or_Novel,Case
CACNA2D2,MAP_CP_Known_or_Novel,Case
AHI1,MAP_CP_Known_or_Novel,Case
PNPLA8,MAP_CP_Known_or_Novel,Case
POMGNT1,MAP_CP_Known_or_Novel,Case
SPATA5,MAP_CP_Known_or_Novel,Case
B4GALNT1,MAP_CP_Known_or_Novel,Case
PITPNM3,MAP_CP_Known_or_Novel,Case
CYP27C1,MAP_CP_Known_or_Novel,Case
KIF7,MAP_CP_Known_or_Novel,Case
LMNB2,MAP_CP_Known_or_Novel,Case
ARHGEF11,MAP_CP_Known_or_Novel,Case
GRM1,MAP_CP_Known_or_Novel,Case
GRID2,MAP_CP_Known_or_Novel,Case
GK,MAP_CP_Known_or_Novel,Case
NDC1,MAP_CP_Known_or_Novel,Case
CNTNAP2,MAP_CP_Known_or_Novel,Case
RTTN,MAP_CP_Known_or_Novel,Case
SIL1,MAP_CP_Known_or_Novel,Case
SLC9A1,MAP_CP_Known_or_Novel,Case
GNB5,MAP_CP_Known_or_Novel,Case
HSPA12A,MAP_CP_Known_or_Novel,Case
TACO1,MAP_CP_Known_or_Novel,Case
SPART,MAP_CP_Known_or_Novel,Case
SLC1A4,MAP_CP_Known_or_Novel,Case
ALDH3A2,MAP_CP_Known_or_Novel,Case
RNASET2,MAP_CP_Known_or_Novel,Case
AP4B1,MAP_CP_Known_or_Novel,Case
SPR,MAP_CP_Known_or_Novel,Case
DDHD2,MAP_CP_Known_or_Novel,Case
AP4B1,MAP_CP_Known_or_Novel,Case
ALDH3A2,MAP_CP_Known_or_Novel,Case
PLA2G4E,MAP_CP_Known_or_Novel,Case
HMCN1,MAP_CP_Known_or_Novel,Case
SPTLC2,MAP_CP_Known_or_Novel,Case
PMM2,MAP_CP_Known_or_Novel,Case
EMC1,MAP_CP_Known_or_Novel,Case
KCNJ10,MAP_CP_Known_or_Novel,Case
GRM7,MAP_CP_Known_or_Novel,Case
TMEM147,MAP_CP_Known_or_Novel,Case
GET3,MAP_CP_Known_or_Novel,Case
WWC1,MAP_CP_Known_or_Novel,Case
ITSN2,MAP_CP_Known_or_Novel,Case
SHQ1,MAP_CP_Known_or_Novel,Case
SLC13A5,MAP_CP_Known_or_Novel,Case
VLDLR,MAP_CP_Known_or_Novel,Case
TMEM67,MAP_CP_Known_or_Novel,Case
TMEM67,MAP_CP_Known_or_Novel,Case
AP4M1,MAP_CP_Known_or_Novel,Case
WDR33,MAP_CP_Known_or_Novel,Case
INO80,MAP_CP_Known_or_Novel,Case
SRPX,MAP_CP_Known_or_Novel,Case
NUDT9,MAP_CP_Known_or_Novel,Case
ERLIN1,MAP_CP_Known_or_Novel,Case
GRM1,MAP_CP_Known_or_Novel,Case
ATM,MAP_CP_Known_or_Novel,Case
IGHMBP2,MAP_CP_Known_or_Novel,Case
LONP1,MAP_CP_Known_or_Novel,Case
TRIO,MAP_CP_Known_or_Novel,Case
CASKIN2,MAP_CP_Known_or_Novel,Case
SYNRG,MAP_CP_Known_or_Novel,Case
GJC2,MAP_CP_Known_or_Novel,Case
AIF1L,MAP_CP_Known_or_Novel,Case
COQ8A,MAP_CP_Known_or_Novel,Case
NKX6-2,MAP_CP_Known_or_Novel,Case
EPRS1,MAP_CP_Known_or_Novel,Case
GCH1,MAP_CP_Known_or_Novel,Case
INTS11,MAP_CP_Known_or_Novel,Case
KIDINS220,MAP_CP_Known_or_Novel,Case
FRRS1L,MAP_CP_Known_or_Novel,Case
SLC7A1,MAP_CP_Known_or_Novel,Case
PRUNE2,MAP_CP_Known_or_Novel,Case
SNAPC4,MAP_CP_Known_or_Novel,Case
SIL1,MAP_CP_Known_or_Novel,Case
ALG2,MAP_CP_Known_or_Novel,Case
ASNS,MAP_CP_Known_or_Novel,Case
MAN2B1,MAP_CP_Known_or_Novel,Case
SPTBN2,MAP_CP_Known_or_Novel,Case
SACS,MAP_CP_Known_or_Novel,Case
CACNA1A,MAP_CP_Known_or_Novel,Case
ALS2,MAP_CP_Known_or_Novel,Case
AP4M1,MAP_CP_Known_or_Novel,Case
LONP1,MAP_CP_Known_or_Novel,Case
RNF170,MAP_CP_Known_or_Novel,Case
DCAF17,MAP_CP_Known_or_Novel,Case
WDR73,MAP_CP_Known_or_Novel,Case
GJC2,MAP_CP_Known_or_Novel,Case
GAMT,MAP_CP_Known_or_Novel,Case
ALS2,MAP_CP_Known_or_Novel,Case
TCP1,MAP_CP_Known_or_Novel,Case
TRAPPC9,MAP_CP_Known_or_Novel,Case
RARS1,MAP_CP_Known_or_Novel,Case
SNX14,MAP_CP_Known_or_Novel,Case
COL4A2,MAP_CP_Known_or_Novel,Case
AP4B1,MAP_CP_Known_or_Novel,Case
ASNS,MAP_CP_Known_or_Novel,Case
ATP8A2,MAP_CP_Known_or_Novel,Case
RNASEH2A,MAP_CP_Known_or_Novel,Case
ITFG1,MAP_CP_Known_or_Novel,Case
G6PD,MAP_CP_Known_or_Novel,Case
SNX14,MAP_CP_Known_or_Novel,Case
SLC16A2,MAP_CP_Known_or_Novel,Case
VLDLR,MAP_CP_Known_or_Novel,Case
ARHGEF11,MAP_CP_Known_or_Novel,Case
PAH,MAP_CP_Known_or_Novel,Case
CEP57,MAP_CP_Known_or_Novel,Case
BCKDK,MAP_CP_Known_or_Novel,Case
SFPQ,MAP_CP_Known_or_Novel,Case
NSRP1,MAP_CP_Known_or_Novel,Case
PCM1,MAP_CP_Known_or_Novel,Case
MPND,MAP_CP_Known_or_Novel,Case
RNASET2,MAP_CP_Known_or_Novel,Case
HPDL,MAP_CP_Known_or_Novel,Case
SUCO,MAP_CP_Known_or_Novel,Case
MMACHC,MAP_CP_Known_or_Novel,Case
AP3B2,MAP_CP_Known_or_Novel,Case
DDHD2,MAP_CP_Known_or_Novel,Case
NSUN2,MAP_CP_Known_or_Novel,Case
NSUN2,MAP_CP_Known_or_Novel,Case
GNL2,MAP_CP_Known_or_Novel,Case
PIEZO2,MAP_CP_Known_or_Novel,Case
GCDH,MAP_CP_Known_or_Novel,Case
FAM126A,MAP_CP_Known_or_Novel,Case
MMRN1,MAP_CP_Known_or_Novel,Case
DDHD2,MAP_CP_Known_or_Novel,Case
TP53BP1,MAP_CP_Known_or_Novel,Case
POMT1,MAP_CP_Known_or_Novel,Case
GBA2,MAP_CP_Known_or_Novel,Case
ATP8A2,MAP_CP_Known_or_Novel,Case
CHKA,MAP_CP_Known_or_Novel,Case
PFKFB2,MAP_CP_Risk,Case
TTN,MAP_CP_Risk,Case
DNAH6,MAP_CP_Risk,Case
CADM1,MAP_CP_Risk,Case
STXBP1,MAP_CP_Risk,Case
TSG101,MAP_CP_Risk,Case
SLC11A2,MAP_CP_Risk,Case
AFF3,MAP_CP_Risk,Case
SVOP,MAP_CP_Risk,Case
FSCN1,MAP_CP_Risk,Case
MTOR,MAP_CP_Risk,Case
RHOBTB2,MAP_CP_Risk,Case
CNOT2,MAP_CP_Risk,Case
KIAA1549L,MAP_CP_Risk,Case
CDK2,MAP_CP_Risk,Case
MFN2,MAP_CP_Risk,Case
NT5C2,MAP_CP_Risk,Case
MYCBP2,MAP_CP_Risk,Case
SCN2A,MAP_CP_Risk,Case
ACSL3,MAP_CP_Risk,Case
MYH10,MAP_CP_Risk,Case
FLNC,MAP_CP_Risk,Case
BIRC6,MAP_CP_Risk,Case
PAX6,MAP_CP_Risk,Case
SMARCA4,MAP_CP_Risk,Case
FOXG1,MAP_CP_Risk,Case
SHANK3,MAP_CP_Risk,Case
HNRNPH3,MAP_CP_Risk,Case
PCLO,MAP_CP_Risk,Case
CHD7,MAP_CP_Risk,Case
GRM2,MAP_CP_Risk,Case
DCTN1,MAP_CP_Risk,Case
DCTN1,MAP_CP_Risk,Case
CHD8,MAP_CP_Risk,Case
RNF31,MAP_CP_Risk,Case
WDFY3,MAP_CP_Risk,Case
DST,MAP_CP_Risk,Case
GRM1,MAP_CP_Risk,Case
ADCY5,MAP_CP_Risk,Case
TRAPPC9,MAP_CP_Risk,Case
CELSR3,MAP_CP_Risk,Case
DNAH1,MAP_CP_Risk,Case
DNAH10,MAP_CP_Risk,Case
WTAP,MAP_CP_Risk,Case
MEIS2,MAP_CP_Risk,Case
SETD2,MAP_CP_Risk,Case
RHOBTB2,MAP_CP_Risk,Case
HMCN1,MAP_CP_Risk,Case
EMC1,MAP_CP_Risk,Case
KCNJ10,MAP_CP_Risk,Case
COL5A1,MAP_CP_Risk,Case
GET3,MAP_CP_Risk,Case
WWC1,MAP_CP_Risk,Case
CACNA2D2,MAP_CP_Risk,Case
TRIO,MAP_CP_Risk,Case
INO80,MAP_CP_Risk,Case
RFX7,MAP_CP_Risk,Case
CLIP1,MAP_CP_Risk,Case
TEK,MAP_CP_Risk,Case
C2CD3,MAP_CP_Risk,Case
NPR1,MAP_CP_Risk,Case
RASAL2,MAP_CP_Risk,Case
HMCN2,MAP_CP_Risk,Case
GRM1,MAP_CP_Risk,Case
ATM,MAP_CP_Risk,Case
SASH1,MAP_CP_Risk,Case
AKAP1,MAP_CP_Risk,Case
FLNB,MAP_CP_Risk,Case
DEPDC5,MAP_CP_Risk,Case
IPO9,MAP_CP_Risk,Case
GTF3C1,MAP_CP_Risk,Case
NOTCH2,MAP_CP_Risk,Case
ADGRV1,MAP_CP_Risk,Case
PABPN1,MAP_CP_Risk,Case
ANO4,MAP_CP_Risk,Case
JARID2,MAP_CP_Risk,Case
CUX1,MAP_CP_Risk,Case
ZNF462,MAP_CP_Risk,Case
SLC7A1,MAP_CP_Risk,Case
PRUNE2,MAP_CP_Risk,Case
HSPA9,MAP_CP_Risk,Case
WNK1,MAP_CP_Risk,Case
OTUD4,MAP_CP_Risk,Case
ASNS,MAP_CP_Risk,Case
CACNA1A,MAP_CP_Risk,Case
ARPC2,MAP_CP_Risk,Case
SAMD9,MAP_CP_Risk,Case
TRIO,MAP_CP_Risk,Case
RYR1,MAP_CP_Risk,Case
TCP1,MAP_CP_Risk,Case
COL4A2,MAP_CP_Risk,Case
ASNS,MAP_CP_Risk,Case
ATP8A2,MAP_CP_Risk,Case
PLXNA2,MAP_CP_Risk,Case
ARHGEF11,MAP_CP_Risk,Case
ATP8B1,MAP_CP_Risk,Case
ZSWIM5,MAP_CP_Risk,Case
AURKA,MAP_CP_Risk,Case
TP53BP1,MAP_CP_Risk,Case
PDGFRB,MAP_CP_Risk,Case
ATP8A2,MAP_CP_Risk,Case
CACNA2D2,MAP_CP_Risk,Case
SLC9A1,MAP_CP_Risk,Case
PCDHGC4,MAP_CP_Risk,Case
SPTLC2,MAP_CP_Risk,Case
BACE1,MAP_CP_Risk,Case
SYNRG,MAP_CP_Risk,Case
SMAP1,MAP_CP_Risk,Case
SPTBN2,MAP_CP_Risk,Case
FRMD4A,MAP_CP_Risk,Case
NSRP1,MAP_CP_Risk,Case
FBXL16,MAP_CP_Risk,Case
ARHGEF11,MAP_CP_Risk,Case
TTN,MAP_CP_Risk,Case
DNAH10,MAP_CP_Risk,Case
KIDINS220,MAP_CP_Risk,Case